{
  "pct_weak_by_study": [
    0.0,
    0.0,
    0.0,
    0.0,
    0.0,
    0.0,
    0.0,
    0.0,
    0.0,
    0.0,
    0.0,
    0.0,
    0.0,
    0.0,
    0.0,
    0.0,
    0.0,
    0.0,
    0.0,
    0.0,
    0.0,
    0.0,
    0.0,
    0.0,
    0.0,
    0.0,
    0.0
  ],
  "mean_pct_weak_across_priors": 0.0,
  "studies_weak_all_priors": 0,
  "studies_robust_all_priors": 27,
  "mu_range": [
    0.1,
    0.15000000000000002,
    0.2,
    0.25,
    0.30000000000000004,
    0.35,
    0.4,
    0.45000000000000007,
    0.5
  ],
  "sigma_range": [
    0.1,
    0.13125,
    0.1625,
    0.19374999999999998,
    0.22499999999999998,
    0.25625,
    0.2875,
    0.31875,
    0.35
  ]
}